Timestamp,Mag_X,Mag_Y,Mag_Z,Agarrado
2026-05-15 21:54:57,-901.1,-13.4,1209.5,VACIO_CERRADO
2026-05-15 21:57:55,-899.7,-11.1,1211.0,VACIO_CERRADO
2026-05-15 22:02:58,-890.7,-5.6,1206.6,VACIO_CERRADO
2026-05-15 22:09:44,-881.1,-14.7,1146.1,CON_OBJETO
2026-05-15 22:17:55,-896.9,-11.9,1211.5,VACIO_CERRADO
2026-05-15 22:20:10,-901.8,-12.0,1214.6,VACIO_CERRADO
2026-05-15 22:24:44,-882.2,-3.3,865.9,VACIO_CERRADO
2026-05-15 22:25:11,-907.7,-3.3,946.0,VACIO_CERRADO
2026-05-15 22:25:34,-909.0,-3.3,947.2,VACIO_CERRADO
2026-05-15 22:25:58,-878.3,-3.3,859.1,CON_OBJETO
2026-05-15 22:27:53,-879.6,-45.2,818.7,EXITO_ENTREGA
2026-05-15 22:29:07,-907.8,-5.4,941.1,VACIO_CERRADO
2026-05-15 22:32:55,-877.5,-3.8,859.3,CON_OBJETO
2026-05-15 22:33:33,-884.4,-40.7,815.8,EXITO_ENTREGA
2026-05-15 22:37:13,-879.3,-9.3,858.1,CON_OBJETO
2026-05-15 22:38:15,-876.2,-48.6,816.5,EXITO_ENTREGA
2026-05-15 22:39:43,-876.8,-6.8,857.2,CON_OBJETO
2026-05-15 22:40:07,-872.0,-51.3,817.5,EXITO_ENTREGA
2026-05-15 22:45:04,-896.6,4.2,941.1,VACIO_CERRADO
2026-05-15 22:45:27,-898.4,2.9,942.8,VACIO_CERRADO
2026-05-18 13:05:00,0.0,0.0,0.0,VACIO_CERRADO
2026-05-18 13:13:27,-943.2,-4.4,1122.4,VACIO_CERRADO
2026-05-18 13:22:00,-945.9,-6.8,1115.9,CON_OBJETO
2026-05-18 13:31:21,-944.4,-7.2,1113.9,VACIO_CERRADO
2026-05-18 13:33:21,-916.2,-8.6,1040.6,VACIO_CERRADO
2026-05-18 13:44:33,-942.5,-5.7,1110.1,VACIO_CERRADO
2026-05-18 13:48:07,-943.8,-7.2,1113.0,VACIO_CERRADO
2026-05-18 13:50:58,-915.3,-5.7,1034.8,VACIO_CERRADO
2026-05-18 14:03:29,-911.9,-6.8,1033.1,CON_OBJETO
2026-05-18 14:05:29,-909.8,-7.8,1033.6,CON_OBJETO
2026-05-18 14:10:49,-906.3,-8.6,1034.3,CON_OBJETO
2026-05-18 14:22:06,-901.2,-6.5,1029.0,CON_OBJETO
2026-05-18 14:23:53,-904.8,-7.5,1027.0,CON_OBJETO
2026-05-18 14:37:21,-923.0,3.2,1083.9,CON_OBJETO
2026-05-18 14:41:13,-924.3,0.9,1087.8,CON_OBJETO
2026-05-18 14:43:51,-913.4,22.1,904.8,CON_OBJETO
2026-05-18 14:47:16,-913.7,23.2,907.5,CON_OBJETO
2026-05-18 14:54:37,-924.3,24.5,1073.8,CON_OBJETO
2026-05-18 14:57:26,-931.2,21.3,1081.0,CON_OBJETO
2026-05-18 15:03:39,-902.6,19.4,1012.5,CON_OBJETO
2026-05-18 15:30:50,-902.1,21.3,1011.1,CON_OBJETO
2026-05-18 16:19:55,-808.1,3.6,1067.7,CON_OBJETO
2026-05-18 16:21:47,-789.8,-0.6,985.9,CON_OBJETO
2026-05-18 16:26:13,-820.8,-3.5,1063.1,CON_OBJETO
2026-05-18 20:02:00,-734.2,6.6,693.8,CON_OBJETO
2026-05-19 13:25:20,-929.4,-0.2,1156.0,CON_OBJETO
2026-05-19 13:40:49,-935.7,7.5,1151.9,CON_OBJETO
2026-05-21 16:51:54,-757.8,-18.3,964.6,CON_OBJETO
2026-05-21 17:18:06,-725.0,-23.6,938.5,CON_OBJETO
2026-05-21 17:20:14,-776.0,-16.2,1037.0,VACIO_CERRADO
2026-05-21 17:20:28,-775.2,-16.7,1037.5,VACIO_CERRADO
2026-05-21 17:20:41,-777.0,-16.4,1040.4,CON_OBJETO
2026-05-21 17:22:46,-778.7,-22.7,1043.3,CON_OBJETO
2026-05-21 17:24:26,-754.5,-23.9,970.2,CON_OBJETO
2026-05-21 17:27:23,-783.3,-20.4,1045.2,VACIO_CERRADO
2026-05-21 17:27:37,-787.7,-20.4,1045.4,CON_OBJETO
2026-05-21 18:41:18,-783.6,-18.2,1043.3,VACIO_CERRADO
2026-05-21 18:42:28,-762.3,-19.8,963.6,CON_OBJETO
2026-05-21 18:47:39,-781.5,-21.2,1041.1,CON_OBJETO
2026-05-21 18:49:45,-787.1,-21.2,1034.3,CON_OBJETO
2026-05-21 18:58:58,-787.8,-21.5,1040.4,VACIO_CERRADO
2026-05-21 18:59:10,-784.2,-21.2,1036.0,CON_OBJETO
2026-05-21 19:07:17,-781.2,-21.6,1045.9,CON_OBJETO
2026-05-21 19:09:31,-915.2,5.7,1089.5,CON_OBJETO
2026-05-21 19:11:21,-917.3,8.0,1093.4,CON_OBJETO
2026-05-21 19:37:25,-913.5,11.0,1089.7,CON_OBJETO
2026-05-21 20:35:14,-877.5,-8.9,1024.6,VACIO_CERRADO
2026-05-22 13:25:55,-979.1,-3.9,1219.4,VACIO_CERRADO
2026-05-22 13:26:03,-978.8,-3.2,1272.0,VACIO_CERRADO
2026-05-22 13:29:15,-928.2,5.7,916.9,CON_OBJETO
2026-05-22 15:39:33,-951.2,7.1,976.5,VACIO_CERRADO
2026-05-22 15:39:43,-951.6,7.4,979.9,CON_OBJETO
2026-05-22 15:43:21,-954.2,4.8,976.5,CON_OBJETO
2026-05-22 17:12:15,-921.6,1.1,920.1,CON_OBJETO
2026-05-22 17:18:44,-923.0,2.6,917.4,CON_OBJETO
2026-05-22 17:28:47,-952.7,0.6,988.3,CON_OBJETO
2026-05-22 19:34:17,-915.8,9.8,925.4,CON_OBJETO
2026-05-22 20:15:11,-907.2,0.5,886.9,CON_OBJETO
2026-05-22 20:24:19,-804.8,-0.9,1127.2,CON_OBJETO
2026-05-22 20:58:07,-932.1,6.0,1245.8,CON_OBJETO
2026-05-22 21:02:04,-925.7,0.2,1230.1,CON_OBJETO
2026-05-22 21:04:06,-924.9,0.6,1233.7,CON_OBJETO
2026-05-22 21:05:29,-932.4,-2.7,1232.0,CON_OBJETO
2026-05-22 21:06:17,-927.5,1.1,1239.0,VACIO_CERRADO
2026-05-22 21:06:30,-923.0,4.2,1233.7,CON_OBJETO
2026-05-22 21:16:26,-925.4,6.5,1233.5,CON_OBJETO
2026-05-22 21:23:28,-923.7,7.7,1235.7,CON_OBJETO
2026-05-22 21:27:29,-900.3,3.3,1174.7,CON_OBJETO
2026-05-25 14:00:17,-923.6,0.5,1202.5,CON_OBJETO
2026-05-25 14:04:02,-918.5,-2.9,1205.9,CON_OBJETO
2026-05-25 14:16:20,-914.6,-2.6,1195.0,CON_OBJETO
2026-05-25 14:21:02,-883.8,17.0,1165.5,FALLO_DURANTE_VIAJE
2026-05-25 14:23:41,-890.4,-7.2,1136.2,CON_OBJETO
2026-05-25 14:26:09,-868.8,2.6,1135.2,EXITO_ENTREGA
2026-05-25 15:58:35,-891.3,-7.8,1181.7,CON_OBJETO
2026-05-25 16:03:26,-901.5,0.3,1216.1,CON_OBJETO
2026-05-25 16:16:35,-882.2,-5.0,1143.2,CON_OBJETO
2026-05-25 22:33:19,-916.2,-3.5,1213.6,VACIO_CERRADO
2026-05-25 22:41:13,-934.1,-19.1,1212.9,VACIO_CERRADO
2026-05-25 22:45:08,-941.1,-11.2,1217.5,VACIO_CERRADO
2026-05-25 23:05:10,-962.3,-5.2,1242.2,VACIO_CERRADO
2026-05-25 23:07:04,-958.8,-5.2,1245.3,VACIO_CERRADO
2026-05-26 19:56:27,619.5,-166.1,-734.7,VACIO_CERRADO
2026-05-26 20:02:25,687.9,-10.1,-805.1,CON_OBJETO
2026-05-26 20:25:39,634.5,-49.8,-556.1,VACIO_CERRADO
2026-05-26 20:25:56,603.6,-45.6,-511.3,CON_OBJETO
2026-05-26 20:35:51,-636.8,86.0,671.3,VACIO_CERRADO
2026-05-26 20:36:07,-863.6,65.7,789.9,VACIO_CERRADO
2026-05-26 20:46:00,-761.6,80.9,798.4,VACIO_CERRADO
2026-05-26 20:46:47,-762.5,85.8,847.5,VACIO_CERRADO
2026-05-26 20:52:35,-844.1,109.7,1087.8,CON_OBJETO
2026-05-26 20:55:58,-845.7,133.1,1189.7,VACIO_CERRADO
2026-05-26 21:08:24,-921.8,50.9,1040.4,CON_OBJETO
2026-05-26 21:09:51,-655.4,90.0,605.0,CON_OBJETO
2026-05-26 21:12:30,-917.6,97.5,1201.8,CON_OBJETO
2026-05-26 21:20:12,-916.5,99.9,1205.6,CON_OBJETO
2026-05-26 21:25:09,-914.7,98.1,1198.6,CON_OBJETO
2026-05-26 21:27:48,-876.5,109.5,1192.3,EXITO_ENTREGA
2026-05-26 21:32:44,-944.9,112.4,1285.3,VACIO_CERRADO
2026-05-26 21:33:20,-944.3,117.0,1291.3,VACIO_CERRADO
2026-05-26 21:34:38,-942.6,117.5,1291.8,VACIO_CERRADO
2026-05-26 21:35:10,-919.8,101.4,1202.0,CON_OBJETO
2026-05-26 21:37:34,-880.5,110.7,1199.6,EXITO_ENTREGA
2026-05-26 21:39:54,-943.5,117.5,1284.1,VACIO_CERRADO
2026-05-26 21:40:21,-939.8,117.6,1286.0,VACIO_CERRADO
2026-05-26 21:41:47,-942.8,116.6,1282.8,VACIO_CERRADO
2026-05-26 21:42:10,-919.7,102.9,1204.9,CON_OBJETO
2026-05-26 21:53:03,-932.6,107.4,1269.8,VACIO_CERRADO
2026-05-26 21:53:30,-920.0,96.3,1203.7,CON_OBJETO
2026-05-27 20:09:56,-933.9,51.0,1086.3,VACIO_CERRADO
2026-05-27 20:10:20,-962.1,60.8,1166.9,CON_OBJETO
2026-05-27 20:17:17,-920.0,50.4,1052.9,CON_OBJETO
2026-05-27 20:19:08,-925.5,50.7,1060.0,CON_OBJETO
2026-05-27 20:20:39,-883.7,76.7,1051.2,EXITO_ENTREGA
2026-05-27 20:25:12,-922.1,61.2,1054.9,CON_OBJETO
2026-05-27 20:28:30,-946.2,71.0,1162.6,VACIO_CERRADO
2026-05-27 20:28:44,-952.1,72.6,1174.7,VACIO_CERRADO
2026-05-27 20:28:58,-927.3,61.2,1094.1,CON_OBJETO
2026-05-27 20:44:17,-946.1,71.7,1161.4,VACIO_CERRADO
2026-05-27 20:44:32,-926.3,61.4,1093.6,CON_OBJETO
2026-05-28 14:41:55,-939.5,121.8,1205.4,CON_OBJETO
2026-05-28 14:42:51,-937.8,120.0,1205.6,CON_OBJETO
2026-05-28 14:52:01,0.0,0.0,0.0,VACIO_CERRADO
2026-05-28 14:56:34,0.0,0.0,0.0,VACIO_CERRADO
2026-05-28 14:59:43,-916.2,125.3,1279.2,VACIO_CERRADO
2026-05-28 15:00:00,-918.3,126.9,1281.9,VACIO_CERRADO
2026-05-28 15:00:23,-918.6,127.2,1283.1,VACIO_CERRADO
2026-05-28 15:01:39,-915.5,126.0,1272.2,VACIO_CERRADO
2026-05-28 15:01:54,-913.5,125.1,1271.5,VACIO_CERRADO
2026-05-28 15:02:08,-913.5,123.9,1273.6,VACIO_CERRADO
2026-05-28 15:05:29,-872.3,88.7,1150.0,CON_OBJETO
2026-05-28 15:08:47,-916.4,120.2,1275.1,VACIO_CERRADO
2026-05-28 15:09:09,-914.0,118.4,1274.4,VACIO_CERRADO
2026-05-28 15:09:30,-914.1,117.9,1274.4,VACIO_CERRADO
2026-05-28 15:09:43,-910.5,119.1,1267.1,VACIO_CERRADO
2026-05-28 15:10:25,-915.3,119.4,1276.1,VACIO_CERRADO
2026-05-28 15:10:43,-916.4,118.8,1277.3,VACIO_CERRADO
2026-05-28 15:11:10,-916.7,119.1,1279.9,VACIO_CERRADO
2026-05-28 15:13:11,-913.1,117.0,1274.9,VACIO_CERRADO
2026-05-28 15:13:36,-915.6,117.8,1279.2,VACIO_CERRADO
2026-05-28 15:13:50,-913.2,117.6,1273.2,VACIO_CERRADO
2026-05-28 15:14:41,-906.9,114.3,1266.1,VACIO_CERRADO
2026-05-28 15:15:06,-913.1,115.8,1272.2,VACIO_CERRADO
2026-05-28 15:15:50,-888.9,105.9,1205.2,CON_OBJETO
2026-05-28 15:16:52,-839.9,122.7,1189.7,EXITO_ENTREGA
2026-05-28 15:18:01,-911.9,116.6,1270.7,VACIO_CERRADO
2026-05-28 15:18:22,-910.4,116.3,1269.5,VACIO_CERRADO
2026-05-28 15:18:52,-915.0,119.3,1262.8,VACIO_CERRADO
2026-05-28 15:19:25,-922.1,119.6,1281.6,VACIO_CERRADO
2026-05-28 15:20:00,-886.5,104.7,1199.8,CON_OBJETO
2026-05-28 15:25:49,-942.6,74.4,1188.5,VACIO_CERRADO
2026-05-28 15:26:01,-946.5,74.2,1199.4,VACIO_CERRADO
2026-05-28 15:26:28,-946.2,73.8,1201.3,VACIO_CERRADO
2026-05-28 15:27:05,-945.0,75.0,1196.7,VACIO_CERRADO
2026-05-28 15:27:30,-926.7,63.9,1119.5,CON_OBJETO
2026-05-28 15:28:50,-915.9,62.9,1100.4,VACIO_CERRADO
2026-05-28 15:29:07,-848.4,34.8,984.9,CON_OBJETO
2026-05-28 15:30:03,-791.3,48.5,970.9,EXITO_ENTREGA
2026-05-28 15:31:03,-873.5,54.3,1084.9,VACIO_CERRADO
2026-05-28 15:31:19,-869.3,56.4,1077.1,VACIO_CERRADO
2026-05-28 15:31:42,-881.6,56.0,1084.4,VACIO_CERRADO
2026-05-28 15:32:06,-847.1,34.7,972.8,CON_OBJETO
2026-05-28 15:32:45,-792.3,48.6,963.4,EXITO_ENTREGA
2026-05-28 15:34:37,-906.2,54.6,1048.3,VACIO_CERRADO
2026-05-28 15:34:57,-835.5,36.2,969.5,CON_OBJETO
2026-05-28 15:35:38,-783.5,53.1,958.1,EXITO_ENTREGA
2026-05-28 15:39:24,-921.8,54.2,1030.7,VACIO_CERRADO
2026-05-28 15:39:41,-925.5,48.6,1032.1,VACIO_CERRADO
2026-05-28 15:39:58,-957.6,56.0,1134.7,CON_OBJETO
2026-05-28 15:43:20,-959.4,57.0,1137.9,VACIO_CERRADO
2026-05-28 15:43:59,-930.8,48.9,1039.4,CON_OBJETO
2026-05-28 15:47:33,-873.6,73.4,1017.4,EXITO_ENTREGA
2026-05-28 15:48:02,-958.8,57.9,1136.4,VACIO_CERRADO
2026-05-28 15:48:26,-960.3,57.5,1139.8,VACIO_CERRADO
2026-05-28 15:52:07,-787.7,71.6,863.5,CON_OBJETO
2026-05-28 15:53:17,-924.3,31.1,1006.5,CON_OBJETO
2026-05-28 15:55:59,-908.9,122.4,1416.4,VACIO_CERRADO
2026-05-28 15:56:19,-904.5,124.8,1402.6,VACIO_CERRADO
2026-05-28 15:56:43,-883.5,112.2,1307.8,VACIO_CERRADO
2026-05-28 15:57:06,-902.0,122.6,1391.0,VACIO_CERRADO
2026-05-28 15:57:27,-886.4,114.5,1312.6,VACIO_CERRADO
2026-05-28 16:12:32,-857.4,62.1,920.8,CON_OBJETO
2026-05-28 16:23:03,-880.7,27.2,1069.6,CON_OBJETO
2026-05-28 16:24:21,-919.5,31.5,980.3,CON_OBJETO
2026-05-28 16:25:21,-874.1,4.7,879.7,CON_OBJETO
2026-05-28 16:56:13,-713.4,-13.5,810.5,VACIO_CERRADO
2026-05-28 16:56:40,-614.6,-0.2,-0.2,VACIO_CERRADO
2026-05-28 16:57:09,-858.9,-8.4,880.9,CON_OBJETO
2026-05-28 16:58:17,-920.1,39.9,1037.5,CON_OBJETO
2026-05-28 17:02:52,-909.0,147.3,1230.8,VACIO_CERRADO
2026-05-28 17:10:13,-922.8,144.2,1251.1,VACIO_CERRADO
2026-05-28 17:10:21,-924.2,143.1,1253.3,VACIO_CERRADO
2026-05-28 17:10:29,-924.9,143.6,1253.6,VACIO_CERRADO
2026-05-28 17:20:53,0.0,0.0,0.0,VACIO_CERRADO
2026-05-28 17:21:26,0.0,0.0,0.0,VACIO_CERRADO
2026-05-28 17:22:20,0.0,0.0,0.0,VACIO_CERRADO
2026-05-28 17:22:48,0.0,0.0,0.0,VACIO_CERRADO
2026-05-28 17:23:14,0.0,0.0,0.0,VACIO_CERRADO
2026-05-28 17:23:45,0.0,0.0,0.0,VACIO_CERRADO
2026-05-28 17:24:46,-0.2,-0.2,-0.2,VACIO_CERRADO
2026-05-28 17:25:20,-921.5,147.0,1249.7,VACIO_CERRADO
2026-05-28 17:26:23,-919.5,146.6,1245.6,VACIO_CERRADO
2026-05-28 17:28:17,-921.0,146.6,1248.5,VACIO_CERRADO
2026-05-28 17:29:05,-922.4,145.2,1251.9,VACIO_CERRADO
2026-05-28 17:29:34,-922.1,146.9,1251.4,VACIO_CERRADO
2026-05-28 17:30:09,-922.1,146.9,1250.2,VACIO_CERRADO
2026-05-28 17:32:21,-924.8,145.4,1256.0,CON_OBJETO
2026-05-28 17:33:16,0.0,0.0,0.0,VACIO_CERRADO
2026-05-28 17:34:21,-924.2,146.1,1254.0,VACIO_CERRADO
2026-05-28 17:34:55,-926.6,145.4,1258.6,VACIO_CERRADO
2026-05-28 17:36:06,-923.7,144.8,1254.3,VACIO_CERRADO
2026-05-28 17:37:27,-901.4,131.2,1173.5,CON_OBJETO
2026-05-28 17:38:26,-855.6,138.5,1152.2,EXITO_ENTREGA
2026-05-28 17:39:28,-920.7,144.9,1243.9,VACIO_CERRADO
2026-05-28 17:39:58,-923.4,146.0,1252.6,VACIO_CERRADO
2026-05-28 17:41:05,-920.9,146.2,1247.5,VACIO_CERRADO
2026-05-28 17:41:36,-923.6,143.2,1250.9,VACIO_CERRADO
2026-05-28 17:42:07,-899.7,126.6,1157.0,CON_OBJETO
2026-05-28 17:47:30,-922.4,140.1,1230.1,VACIO_CERRADO
2026-05-28 17:48:00,-923.6,141.2,1236.6,VACIO_CERRADO
2026-05-28 17:49:04,-894.2,128.6,1136.4,CON_OBJETO
2026-05-28 17:50:05,-850.7,134.0,1114.9,EXITO_ENTREGA
2026-05-28 17:50:42,-921.2,139.8,1230.6,VACIO_CERRADO
2026-05-28 17:51:18,-899.6,126.2,1143.4,CON_OBJETO
2026-05-28 17:54:42,-897.2,128.2,1139.3,CON_OBJETO
2026-05-28 17:55:32,-853.1,134.2,1118.5,EXITO_ENTREGA
2026-05-28 17:59:24,-894.5,129.8,1130.4,CON_OBJETO
2026-05-28 18:00:52,-915.6,137.6,1212.2,VACIO_CERRADO
2026-05-28 18:01:23,-899.0,126.3,1143.0,CON_OBJETO
2026-05-28 18:03:03,-900.2,121.7,1143.2,CON_OBJETO
2026-05-28 19:34:47,-926.6,146.1,1264.7,VACIO_CERRADO
2026-05-28 19:35:53,-926.6,145.1,1264.4,VACIO_CERRADO
2026-05-28 19:36:59,-927.3,143.0,1259.4,VACIO_CERRADO
2026-05-28 19:37:30,-905.3,153.5,-0.2,VACIO_CERRADO
2026-05-28 19:38:37,-926.4,144.3,1257.9,CON_OBJETO
2026-05-28 19:39:53,-927.2,143.2,1256.7,VACIO_CERRADO
2026-05-28 19:41:24,-927.8,141.0,1263.2,VACIO_CERRADO
2026-05-28 19:44:00,-929.0,141.6,1263.0,VACIO_CERRADO
2026-05-28 19:44:38,-926.7,141.5,1262.8,VACIO_CERRADO
2026-05-28 19:45:42,-930.3,142.7,1266.6,VACIO_CERRADO
2026-05-28 19:46:40,-927.9,141.3,1263.7,VACIO_CERRADO
2026-05-28 19:47:15,-928.5,142.7,1262.8,VACIO_CERRADO
2026-05-28 19:50:16,-899.6,132.8,1148.0,CON_OBJETO
2026-05-28 19:52:15,-850.8,136.1,1125.8,EXITO_ENTREGA
2026-05-28 19:53:19,-928.4,139.7,1259.1,CON_OBJETO
2026-05-28 19:55:20,-903.8,119.6,1158.2,CON_OBJETO
2026-05-28 19:57:24,-928.8,136.1,1486.6,CON_OBJETO
2026-05-28 19:59:18,-915.8,127.4,1179.3,CON_OBJETO
2026-05-28 20:00:33,-863.7,135.3,1152.2,EXITO_ENTREGA
2026-05-28 20:01:43,-935.1,131.4,1264.0,VACIO_CERRADO
2026-05-28 20:02:20,-909.6,118.7,1161.8,CON_OBJETO
2026-05-28 20:03:27,-854.0,134.6,1135.5,EXITO_ENTREGA
2026-05-28 20:42:45,-885.6,90.5,1279.5,VACIO_CERRADO
2026-05-28 20:43:59,-884.0,90.6,1279.7,VACIO_CERRADO
2026-05-28 20:44:27,-884.0,90.6,1279.7,VACIO_CERRADO
2026-05-28 20:44:57,-884.0,90.6,1279.7,VACIO_CERRADO
2026-05-28 20:45:22,-884.0,90.6,1279.7,VACIO_CERRADO
2026-05-28 20:45:52,-884.0,90.6,1279.7,VACIO_CERRADO
2026-05-28 20:46:17,-884.0,90.6,1279.7,VACIO_CERRADO
2026-05-28 20:47:41,-886.5,90.3,1284.3,VACIO_CERRADO
2026-05-28 20:48:05,-886.5,90.3,1284.3,VACIO_CERRADO
2026-05-28 20:48:24,-886.5,90.3,1284.3,VACIO_CERRADO
2026-05-28 20:48:48,-886.5,90.3,1284.3,VACIO_CERRADO
2026-05-28 20:49:11,-886.5,90.3,1284.3,VACIO_CERRADO
2026-05-28 20:50:29,-932.7,136.5,1264.0,VACIO_CERRADO
2026-05-28 20:50:59,-904.8,121.5,1164.3,CON_OBJETO
2026-05-28 20:52:46,-904.1,123.3,1161.1,CON_OBJETO
2026-05-28 20:54:12,-926.7,135.8,1258.2,VACIO_CERRADO
2026-05-28 20:54:42,-931.7,137.4,1270.3,VACIO_CERRADO
2026-05-28 20:55:13,-926.7,135.5,1257.2,VACIO_CERRADO
2026-05-28 20:57:15,-932.9,137.4,1275.1,VACIO_CERRADO
2026-05-28 20:57:47,-933.5,137.4,1274.9,VACIO_CERRADO
2026-05-28 21:01:47,-929.0,136.7,1264.0,VACIO_CERRADO
2026-05-28 21:03:15,-901.5,124.1,1166.4,CON_OBJETO
2026-05-28 21:05:25,-927.2,131.2,1246.1,VACIO_CERRADO
2026-05-28 21:06:00,-928.5,132.6,1244.8,VACIO_CERRADO
2026-05-28 21:06:36,-902.1,123.9,1156.5,CON_OBJETO
2026-05-28 21:10:10,-924.2,130.5,1271.7,VACIO_CERRADO
2026-05-28 21:10:37,-903.2,122.7,1170.6,CON_OBJETO
2026-05-28 21:12:38,-926.6,131.1,1266.1,VACIO_CERRADO
2026-05-28 21:13:10,-904.2,123.9,1175.4,CON_OBJETO
2026-05-28 21:21:11,-900.0,128.4,1183.1,CON_OBJETO
2026-05-28 21:24:13,-927.2,137.0,1277.8,VACIO_CERRADO
2026-05-28 21:24:45,-928.7,137.9,1282.8,VACIO_CERRADO
2026-05-28 21:25:48,-902.0,123.3,1183.9,CON_OBJETO
2026-05-28 22:10:15,-934.4,133.4,1304.9,VACIO_CERRADO
2026-05-28 22:11:07,-930.9,138.2,1298.1,VACIO_CERRADO
2026-05-28 22:14:23,-925.2,133.2,1278.5,VACIO_CERRADO
2026-05-28 22:14:47,-925.4,134.6,1277.8,VACIO_CERRADO
2026-05-28 22:15:46,-930.5,135.9,1293.0,VACIO_CERRADO
2026-05-28 22:16:03,-933.0,138.3,1311.2,VACIO_CERRADO
2026-05-28 22:17:08,-927.6,137.1,1293.0,VACIO_CERRADO
2026-05-28 22:18:52,-929.4,136.4,1297.6,VACIO_CERRADO
2026-05-28 22:21:32,-905.1,122.3,1193.5,CON_OBJETO
2026-05-28 22:22:30,-905.4,121.8,1195.2,CON_OBJETO
2026-05-28 22:24:59,-906.0,122.0,1196.2,CON_OBJETO
2026-05-29 13:42:25,-911.9,122.0,1196.7,CON_OBJETO
2026-05-29 13:45:58,-911.1,125.9,1197.9,CON_OBJETO
2026-05-29 13:48:06,-911.3,126.0,1200.8,VACIO_CERRADO
2026-05-29 13:48:53,-908.1,125.0,1193.5,VACIO_CERRADO
2026-05-29 13:49:33,-909.9,121.7,1193.5,VACIO_CERRADO
2026-05-29 13:51:06,-887.9,93.3,1306.3,VACIO_CERRADO
2026-05-29 13:51:40,-887.9,93.3,1306.3,VACIO_CERRADO
2026-05-29 13:52:29,-887.9,93.3,1306.3,VACIO_CERRADO
2026-05-29 14:14:49,-901.1,122.7,1177.1,CON_OBJETO
2026-05-29 14:24:50,-930.5,134.2,1281.9,VACIO_CERRADO
2026-05-29 14:25:55,-905.0,123.9,1185.8,CON_OBJETO
2026-05-29 14:31:44,-900.6,122.3,1177.8,CON_OBJETO
2026-05-29 14:38:40,-899.0,122.3,1177.1,CON_OBJETO
2026-05-29 14:56:19,-903.3,119.9,1181.4,CON_OBJETO
2026-05-29 15:04:41,-898.5,121.5,1177.1,CON_OBJETO
2026-05-29 15:05:28,-898.5,121.4,1177.3,CON_OBJETO
2026-05-29 15:07:30,-900.2,119.7,1180.0,CON_OBJETO
2026-05-29 15:09:33,-900.3,123.5,1180.7,CON_OBJETO
2026-05-29 15:13:38,-897.2,121.7,1176.8,CON_OBJETO
2026-05-29 15:19:07,-916.7,138.0,1264.9,VACIO_CERRADO
2026-05-29 15:27:13,-891.5,100.7,1124.3,CON_OBJETO
2026-05-29 15:30:59,-896.0,123.9,1181.9,CON_OBJETO
2026-05-29 15:35:23,0.0,0.0,0.0,VACIO_CERRADO
2026-05-29 15:37:30,-895.7,119.7,1183.6,CON_OBJETO
2026-05-29 15:39:09,-895.1,120.8,1176.6,CON_OBJETO
2026-05-29 15:40:58,-894.9,119.4,1177.6,CON_OBJETO
2026-05-29 15:42:47,-894.9,120.2,1176.8,CON_OBJETO
2026-05-29 15:44:03,-897.2,117.2,1177.1,CON_OBJETO
2026-05-29 15:52:41,-897.5,118.1,1175.4,CON_OBJETO
2026-05-29 15:56:18,-896.9,118.4,1175.4,CON_OBJETO
2026-05-29 16:02:16,-923.3,122.3,1257.4,VACIO_CERRADO
2026-05-29 16:03:34,-899.7,115.1,1180.7,CON_OBJETO
2026-05-29 17:21:38,-922.7,140.1,1291.6,VACIO_CERRADO
2026-05-29 17:24:56,-897.0,116.4,1180.5,CON_OBJETO
2026-05-29 17:30:33,-894.9,119.4,1172.0,CON_OBJETO
2026-05-29 17:31:26,-842.6,136.5,1154.3,EXITO_ENTREGA
2026-05-29 17:40:37,-901.1,116.6,1191.6,CON_OBJETO
2026-05-29 18:02:34,-903.6,127.8,1187.7,CON_OBJETO
2026-05-29 18:03:27,-927.8,145.2,1293.5,VACIO_CERRADO
2026-05-29 18:12:05,-897.6,126.2,1195.5,CON_OBJETO
2026-05-29 18:17:46,-921.6,138.8,1300.8,VACIO_CERRADO
2026-05-29 18:20:18,-917.6,138.2,1300.3,VACIO_CERRADO
2026-05-29 18:21:15,-918.8,138.5,1299.1,VACIO_CERRADO
2026-05-29 18:21:58,-918.9,139.2,1294.0,VACIO_CERRADO
2026-05-29 18:22:56,-895.2,126.5,1192.1,CON_OBJETO
2026-05-29 18:28:51,-918.8,137.4,1289.4,VACIO_CERRADO
2026-05-29 18:31:00,-896.6,126.8,1199.8,CON_OBJETO
2026-05-29 18:42:23,-917.0,136.2,1293.7,VACIO_CERRADO
2026-05-29 19:00:24,-916.1,133.4,1302.0,VACIO_CERRADO
2026-05-29 19:01:55,-917.1,135.5,1290.6,VACIO_CERRADO
2026-05-29 19:04:26,-911.6,134.4,1203.5,CON_OBJETO
2026-05-29 20:31:32,-924.0,134.1,1301.7,VACIO_CERRADO
2026-05-29 20:39:42,-920.3,140.2,1267.8,VACIO_CERRADO
2026-05-29 20:54:48,-921.3,138.3,1298.6,VACIO_CERRADO
2026-05-29 21:10:32,-894.6,139.5,1244.1,VACIO_CERRADO
2026-05-29 21:12:23,-902.4,140.7,1270.5,VACIO_CERRADO
2026-05-29 21:12:43,-902.4,140.7,1268.8,VACIO_CERRADO
2026-05-29 21:16:29,-916.4,137.9,1274.9,CON_OBJETO
2026-05-29 21:18:28,-912.5,141.3,1277.0,VACIO_CERRADO
2026-05-29 21:20:35,-914.6,143.9,1282.1,VACIO_CERRADO
2026-05-29 21:22:23,-913.2,143.7,1278.2,VACIO_CERRADO
2026-05-29 21:26:27,-894.0,128.2,1185.8,CON_OBJETO
2026-05-29 21:30:14,-892.1,126.3,1179.3,CON_OBJETO
2026-05-29 21:33:01,-894.2,130.4,1184.6,CON_OBJETO
2026-05-29 21:34:30,-846.9,141.3,1162.3,EXITO_ENTREGA
2026-05-29 21:36:26,-894.9,126.2,1188.9,CON_OBJETO
2026-05-29 21:37:41,-849.0,136.4,1167.9,EXITO_ENTREGA
2026-05-29 21:40:55,-920.7,139.7,1273.2,VACIO_CERRADO
2026-05-29 21:41:58,-894.8,132.5,1180.7,CON_OBJETO
2026-05-29 21:46:09,-916.7,145.2,1294.7,VACIO_CERRADO
2026-05-29 21:47:09,-910.1,140.9,1272.2,VACIO_CERRADO
2026-05-29 21:48:39,-893.3,127.2,1193.8,CON_OBJETO
2026-05-29 21:50:49,-840.5,134.7,1169.1,EXITO_ENTREGA
2026-05-29 22:02:18,-897.2,126.8,1192.8,CON_OBJETO
2026-05-29 22:03:26,-843.9,141.9,1167.7,EXITO_ENTREGA
2026-05-29 22:10:43,-899.6,123.8,1194.0,CON_OBJETO
2026-05-29 22:26:39,-892.4,131.4,1179.3,CON_OBJETO
2026-05-29 22:35:36,-893.9,128.7,1184.6,CON_OBJETO
2026-05-29 22:48:56,-893.9,128.7,1181.4,CON_OBJETO
2026-05-29 22:50:09,-846.2,144.8,1163.3,EXITO_ENTREGA
